Species,n,Sepal.Length,Petal.Width
setosa,24,4.933333333333334,0.225
versicolor,25,5.876,1.264
virginica,31,6.541935483870968,2.0806451612903225
